ID	Name	Bgd count	Result count	Result gene list	Pct of bgd	Fold enrichment	Odds ratio	P-value	Benjamini	Bonferroni
GO:0005975	carbohydrate metabolic process	140	9	CNAG_00122,CNAG_00914,CNAG_02189,CNAG_02225,CNAG_02860,CNAG_04621,CNAG_05264,CNAG_06031,CNAG_06291,	6.4	2.69	2.95	0.00594075677644	0.124755892305	0.124755892305
GO:0023052	signaling	101	6	CNAG_01258,CNAG_02883,CNAG_03876,CNAG_04213,CNAG_05838,CNAG_07470,	5.9	2.49	2.66	0.0329393642843	0.259551407239	0.691726649971
GO:0006790	sulfur compound metabolic process	58	4	CNAG_01890,CNAG_02399,CNAG_03393,CNAG_04640,	6.9	2.89	3.1	0.0488405330804	0.259551407239	1.0
GO:0006355	regulation of transcription, DNA-templated	232	10	CNAG_00035,CNAG_00670,CNAG_01242,CNAG_01883,CNAG_02877,CNAG_03346,CNAG_04841,CNAG_04916,CNAG_06134,CNAG_07940,	4.3	1.81	1.92	0.0494383632836	0.259551407239	1.0
