ID	Name	Bgd count	Result count	Result gene list	Pct of bgd	Fold enrichment	Odds ratio	P-value	Benjamini	Bonferroni
GO:0005576	extracellular region	111	34	CNAG_00150,CNAG_00407,CNAG_00457,CNAG_00776,CNAG_00799,CNAG_01239,CNAG_01480,CNAG_01512,CNAG_01539,CNAG_01562,CNAG_01648,CNAG_01840,CNAG_01890,CNAG_02189,CNAG_02860,CNAG_02944,CNAG_02958,CNAG_03223,CNAG_03225,CNAG_03787,CNAG_03920,CNAG_04114,CNAG_04380,CNAG_04735,CNAG_04969,CNAG_05235,CNAG_05759,CNAG_05847,CNAG_05918,CNAG_06101,CNAG_06125,CNAG_06291,CNAG_06447,CNAG_06699,	30.6	2.45	3.2	2.92578715098e-07	7.31446787745e-06	7.31446787745e-06
GO:0005886	plasma membrane	50	16	CNAG_00179,CNAG_00293,CNAG_01003,CNAG_01421,CNAG_01672,CNAG_02114,CNAG_03326,CNAG_03694,CNAG_03876,CNAG_04867,CNAG_05581,CNAG_05654,CNAG_06424,CNAG_06465,CNAG_06508,CNAG_07701,	32.0	2.56	3.35	0.000243615653278	0.00304519566597	0.00609039133194
